{
  "dropout": {
    "model_name": "Logistic Regression",
    "accuracy": 0.985,
    "precision": 0.98,
    "recall": 0.9607843137254902,
    "f1_score": 0.9702970297029703,
    "roc_auc": 0.961442295038821
  },
  "streak": {
    "accuracy": 0.955,
    "precision": 0.9326923076923077,
    "recall": 0.9797979797979798,
    "f1_score": 0.9556650246305419,
    "roc_auc": 0.9821982198219822
  },
  "engagement": {
    "accuracy": 0.97
  }
}