{
  "min": [
    -1.834208719247376,
    -2.436899731625505,
    -1.5484167811374745,
    -2.197684520322051
  ],
  "max": [
    1.929347686441372,
    3.0161689563786305,
    1.958584041148739,
    1.8630815289878608
  ],
  "n_qubits": 4,
  "n_layers": 3
}